Demo4,order_number,date,status,order_currency,payment_method,shipping_method,customer_id,billing_first_name,billing_last_name,billing_email,billing_phone,billing_address_1,billing_address_2,billing_postcode,billing_city,billing_state,billing_country,shipping_first_name,shipping_last_name,shipping_address_1,shipping_address_2,shipping_postcode,shipping_city,shipping_state,shipping_country,item_id,item_product_id,item_name,item_sku,item_quantity,item_price,item_total,
102,102,2017-06-29 13:26,processing,USD,cheque,USPS 2-day,12,Jhon,Doe,jhon@webkul.com,1234567,A-67,ground floor,201301,Noida,NCR,IN,Jhon,Doe,A-67,ground floor,201301,NOIDA,NCR,IN,1,1,Demo1,wk1,12,10,120,
102,102,2017-06-29 13:26,processing,USD,cheque,USPS 2-day,12,Jhon,Doe,jhon@webkul.com,1234567,A-67,ground floor,201301,Noida,NCR,IN,Jhon,Doe,A-67,ground floor,201301,NOIDA,NCR,IN,2,3,Demo3,wk3,11,10,110,
120,120,2017-06-29 13:33,completed,USD,authorize_net_aim,Store PickUp,15,Alex,mark,alex@webkul.com,1234567,A-67,second floor,201301,Noida,NCR,IN,Jhon,mark,A-67,second floor,201301,NOIDA,NCR,IN,1,4,Demo4,wk4,11,10,110,1
120,120,2017-06-29 13:33,completed,USD,authorize_net_aim,Store PickUp,15,Alex,Alex,alex@webkul.com,1234567,A-67,second floor,201301,Noida,NCR,IN,Alex,Alex,A-67,second floor,201301,NOIDA,NCR,IN,2,4,Demo4,wk4,11,10,110,1
147,179,2017-06-29 15:11,on-hold,USD,cheque,USPS 2-day,31,Mick,George,mick1@webkul.com,1234567,A-67,third floor,201301,Noida,NCR,IN,Mick,George,A-67,third floor,201301,NOIDA,NCR,IN,1,6,Demo6,wk6,5,10,50,
147,179,2017-06-29 15:11,on-hold,USD,cheque,USPS 2-day,31,Mick,George,mick1@webkul.com,1234567,A-67,third floor,201301,Noida,NCR,IN,Mick,George,A-67,third floor,201301,NOIDA,NCR,IN,2,4,Demo4,wk4,5,10,50,
